Year,Plot,Horizon,C_Pool
1998,3,min,3.01382927
1998,4,min,2.9877025
1998,7,min,3.28639944
1998,10,min,4.40752508
1998,12,min,3.04163072
1998,13,min,4.8915009
1998,15,min,0
1998,19,min,0
1998,21,min,0
1998,25,min,5.9737676
1998,27,min,5.32454853
1998,29,min,4.4176701
1998,32,min,5.3166744
1998,37,min,1.9264
1998,39,min,0
1998,42,min,5.20463359
1998,43,min,5.97785958
1998,46,min,0
1998,47,min,3.32729859
1998,48,min,0
1998,49,min,8.05494427
1998,51,min,0
1998,53,min,1.99407593
1998,55,min,1.64268112
1998,57,min,2.6622348
1998,59,min,3.1244003
1998,63,min,5.1446139
1998,64,min,5.60836262
1998,65,min,5.5078757
1998,67,min,3.19304154
1998,69,min,3.76826112
1998,73,min,2.43622266
1998,75,min,3.31099032
1998,78,min,3.582281645
1998,79,min,1.39228596
1998,81,min,5.28263244
1998,84,min,5.37538824
1998,88,min,4.13022752
1998,90,min,4.04475152
1998,93,min,6.66165558
1998,95,min,2.46107672
1998,98,min,9.10757728
1998,99,min,5.7331318
1998,102,min,6.3945874
1998,103,min,4.88408732
1998,105,min,4.58204292
1998,107,min,6.22473676
1998,110,min,6.16978044
1998,113,min,4.35430158
1998,115,min,6.651475275
1998,118,min,4.1224227
1998,121,min,1.9094139
1998,122,min,5.62296441
1998,124,min,6.51906684
1998,126,min,5.89509591
1998,128,min,2.47076326
1998,130,min,4.04869432
1998,132,min,3.2041089
1998,134,min,3.5627904
1998,136,min,5.6219058
1998,140,min,3.22421778
1998,142,min,4.12615861
1998,143,min,4.7840545
1998,147,min,5.38448029
1998,151,min,5.96377064
1998,152,min,0.87926832
1998,154,min,1.17260265
1998,155,min,2.99932225
1998,156,min,5.9627232
1998,157,min,5.22767778
1998,160,min,3.80766905
1998,161,min,2.465631
1998,162,min,5.01114333
1998,164,min,5.05459836
1998,165,min,3.11244774
1998,168,min,4.31077967
1998,169,min,4.928220975
1998,170,min,4.71852703
1998,172,min,0
1998,174,min,2.99697594
1998,176,min,4.59730284
1998,177,min,3.958663605
1998,179,min,4.87647933
1998,180,min,4.43391614
1998,181,min,3.75653824
1998,182,min,6.0419016
1998,184,min,3.71848868
1998,187,min,2.45317014
1998,188,min,4.78082352
1998,190,min,7.18430192
1998,191,min,2.56585779
1998,193,min,4.48653706
1998,194,min,4.47178656
1998,196,min,2.86505037
1998,197,min,1.46421942
1998,199,min,4.39795964
1998,200,min,3.2749108
1998,3,Oa,2.3578602
1998,4,Oa,2.5142724
1998,7,Oa,1.09784196
1998,10,Oa,1.27112128
1998,12,Oa,0.67087575
1998,13,Oa,1.12657368
1998,15,Oa,0.88270105
1998,19,Oa,0.5193573
1998,21,Oa,2.57832432
1998,25,Oa,9.475648
1998,25,Oa,14.2780288
1998,27,Oa,3.731313675
1998,29,Oa,0.93904261
1998,32,Oa,2.797204
1998,37,Oa,0.6386464
1998,39,Oa,4.71369556
1998,42,Oa,3.18422074
1998,43,Oa,1.556349575
1998,46,Oa,0.80775332
1998,47,Oa,1.04609252
1998,48,Oa,0
1998,49,Oa,1.73363023
1998,51,Oa,23.07990887
1998,51,Oa,16.69519213
1998,53,Oa,0.5869199
1998,55,Oa,1.14760746
1998,57,Oa,2.0988758
1998,59,Oa,5.44331904
1998,63,Oa,5.46724686
1998,64,Oa,2.00510021
1998,65,Oa,1.9209144
1998,67,Oa,0
1998,69,Oa,1.330947
1998,73,Oa,0.72339696
1998,75,Oa,1.72760136
1998,78,Oa,1.97632289
1998,79,Oa,0.84168014
1998,81,Oa,9.65812824
1998,81,Oa,9.42945684
1998,81,Oa,14.23587412
1998,84,Oa,0.98626242
1998,88,Oa,9.1029477
1998,90,Oa,1.93564205
1998,93,Oa,1.59453688
1998,95,Oa,3.87030196
1998,98,Oa,6.4028931
1998,99,Oa,0
1998,102,Oa,1.1258452
1998,103,Oa,5.6169378
1998,105,Oa,7.56026675
1998,107,Oa,1.96464679
1998,110,Oa,4.877496015
1998,113,Oa,3.14151677
1998,115,Oa,18.23678208
1998,115,Oa,16.30167176
1998,118,Oa,14.25812619
1998,118,Oa,18.71971202
1998,121,Oa,1.942707
1998,122,Oa,6.48853149
1998,124,Oa,4.71520745
1998,126,Oa,4.26403042
1998,128,Oa,3.72930055
1998,130,Oa,1.50615407
1998,132,Oa,0
1998,134,Oa,1.1965023
1998,136,Oa,3.649936
1998,140,Oa,0.56752327
1998,142,Oa,0.333096027
1998,143,Oa,0.77943784
1998,147,Oa,4.73689944
1998,151,Oa,2.206698755
1998,152,Oa,0.19170311
1998,154,Oa,4.15357668
1998,155,Oa,3.94721316
1998,156,Oa,0.44752448
1998,157,Oa,0.6210692
1998,160,Oa,4.69109347
1998,161,Oa,1.1474079
1998,162,Oa,0.5183113
1998,164,Oa,0
1998,165,Oa,0.3485493
1998,168,Oa,0.763443745
1998,169,Oa,1.0608
1998,170,Oa,0.6606
1998,172,Oa,0.96559
1998,174,Oa,0
1998,176,Oa,3.23248
1998,177,Oa,0.6084
1998,179,Oa,0
1998,180,Oa,0.275675625
1998,181,Oa,3.06731997
1998,182,Oa,0.97109
1998,184,Oa,0.5274
1998,187,Oa,4.7916
1998,188,Oa,1.55875
1998,190,Oa,0.20792
1998,191,Oa,2.09334734
1998,193,Oa,0.32840158
1998,194,Oa,0.42096954
1998,196,Oa,5.67296
1998,197,Oa,2.97255
1998,199,Oa,0.3439
1998,200,Oa,1.70824
1998,3,Oie,2.10183225
1998,4,Oie,2.2226395
1998,7,Oie,3.61695411
1998,10,Oie,0.94426089
1998,12,Oie,1.439390895
1998,13,Oie,2.15459415
1998,15,Oie,0.98457282
1998,19,Oie,1.17292744
1998,21,Oie,0.45219832
1998,25,Oie,0.81964176
1998,27,Oie,1.6933105
1998,29,Oie,1.76251238
1998,32,Oie,1.58533183
1998,37,Oie,0.98850167
1998,39,Oie,4.62655562
1998,42,Oie,1.02360027
1998,43,Oie,1.19002329
1998,46,Oie,2.2999795
1998,47,Oie,1.96041272
1998,48,Oie,1.96570309
1998,49,Oie,1.66053312
1998,51,Oie,0
1998,53,Oie,2.6240622
1998,55,Oie,3.16420108
1998,57,Oie,1.8839934
1998,59,Oie,4.53120644
1998,63,Oie,1.9034353
1998,64,Oie,3.01677831
1998,65,Oie,4.279266425
1998,67,Oie,0.77739444
1998,69,Oie,1.68740704
1998,73,Oie,0.92460522
1998,75,Oie,1.0233564
1998,78,Oie,1.18626939
1998,79,Oie,1.43391526
1998,81,Oie,3.10780696
1998,84,Oie,1.16128491
1998,88,Oie,11.03727951
1998,90,Oie,1.31504261
1998,93,Oie,2.4067384
1998,95,Oie,0.80747835
1998,98,Oie,2.17266624
1998,99,Oie,1.64432472
1998,102,Oie,1.02529416
1998,103,Oie,1.41626475
1998,105,Oie,1.34114799
1998,107,Oie,1.16264204
1998,110,Oie,1.7193567
1998,113,Oie,0.6922006
1998,115,Oie,2.22971255
1998,118,Oie,0.85622966
1998,121,Oie,1.09765245
1998,122,Oie,2.097093
1998,124,Oie,2.23698552
1998,126,Oie,2.15597977
1998,128,Oie,1.10749842
1998,130,Oie,2.53493856
1998,132,Oie,1.72988676
1998,134,Oie,1.57215627
1998,136,Oie,1.44672885
1998,140,Oie,1.78968013
1998,142,Oie,0.504161
1998,143,Oie,1.42591488
1998,147,Oie,1.6521675
1998,151,Oie,2.7472143
1998,152,Oie,2.1927199
1998,154,Oie,1.36315875
1998,155,Oie,1.52398407
1998,156,Oie,1.16852182
1998,157,Oie,0.857216
1998,160,Oie,1.74867336
1998,161,Oie,0.96160053
1998,162,Oie,1.4071932
1998,164,Oie,0.55691625
1998,165,Oie,1.960940275
1998,168,Oie,0.7223
1998,169,Oie,1.67808
1998,170,Oie,1.28352
1998,172,Oie,4.55994
1998,174,Oie,0.79464
1998,176,Oie,1.68086
1998,177,Oie,1.19782
1998,179,Oie,1.46187
1998,180,Oie,1.76528
1998,181,Oie,1.17425
1998,182,Oie,1.49286
1998,184,Oie,0.99844
1998,187,Oie,0.753755
1998,188,Oie,1.20786
1998,190,Oie,0.83168
1998,191,Oie,1.59682876
1998,193,Oie,1.5899523
1998,194,Oie,1.28488792
1998,196,Oie,0.886921
1998,197,Oie,1.42576
1998,199,Oie,1.27008
1998,200,Oie,1.08966
2000,3,min,1.5883713
2000,5,min,2.16260604
2000,7,min,0
2000,9,min,0
2000,10,min,2.84983933
2000,13,min,3.67300404
2000,14,min,0
2000,17,min,3.70487296
2000,19,min,3.87354745
2000,21,min,0
2000,23,min,0
2000,26,min,3.03771744
2000,27,min,4.3532892
2000,29,min,2.5037298
2000,31,min,0.99866276
2000,33,min,3.36760905
2000,38,min,0
2000,40,min,2.01388954
2000,41,min,0
2000,42,min,1.26738093
2000,44,min,3.23992656
2000,46,min,1.63965216
2000,50,min,0
2000,52,min,2.8281308
2000,54,min,3.380167
2000,56,min,0
2000,57,min,3.42362202
2000,58,min,5.54365028
2000,60,min,2.07508392
2000,62,min,0.698742
2000,64,min,1.88831336
2000,65,min,0
2000,66,min,0
2000,70,min,3.63671055
2000,75,min,3.211161025
2000,76,min,1.77011128
2000,78,min,2.6291706
2000,80,min,0
2000,81,min,2.78041274
2000,84,min,4.27246288
2000,86,min,3.11209506
2000,90,min,0
2000,91,min,0
2000,94,min,0.63674724
2000,95,min,2.77778614
2000,98,min,1.94993032
2000,99,min,0.68003936
2000,101,min,2.26842589
2000,103,min,2.23915362
2000,106,min,2.6773362
2000,107,min,1.28040633
2000,109,min,4.17276765
2000,112,min,2.59314768
2000,117,min,2.92683258
2000,118,min,0.73108173
2000,121,min,2.4088116
2000,122,min,1.13579402
2000,126,min,4.45451832
2000,127,min,1.84386972
2000,129,min,2.1315495
2000,132,min,5.304104115
2000,135,min,3.70377793
2000,137,min,0
2000,138,min,0
2000,141,min,2.66895438
2000,142,min,4.11585012
2000,146,min,2.8848081
2000,148,min,2.96085365
2000,149,min,2.53226586
2000,151,min,0
2000,153,min,2.0802327
2000,155,min,3.81920334
2000,156,min,2.72513436
2000,158,min,3.96272936
2000,160,min,5.04802391
2000,162,min,2.94474896
2000,164,min,4.56611232
2000,166,min,4.68209613
2000,167,min,0
2000,169,min,3.689016
2000,170,min,5.17564866
2000,171,min,2.50523645
2000,173,min,2.55077409
2000,175,min,2.1700284
2000,177,min,2.85095202
2000,179,min,3.400632
2000,180,min,0.9778306
2000,182,min,3.67024363
2000,184,min,0.7641924
2000,186,min,2.66763132
2000,187,min,2.76919559
2000,188,min,5.16822144
2000,189,min,2.7168912
2000,191,min,2.599794
2000,193,min,3.335112
2000,195,min,0.6656637
2000,196,min,2.20321858
2000,198,min,3.58041042
2000,199,min,2.52199668
2000,200,min,2.02764177
2000,3,Oa,0.73884
2000,5,Oa,1.94616
2000,7,Oa,0
2000,9,Oa,0.42602
2000,10,Oa,0.8188
2000,13,Oa,1.32065
2000,14,Oa,2.3668
2000,17,Oa,1.43968
2000,19,Oa,1.30356
2000,21,Oa,0.30494
2000,23,Oa,1.12395
2000,26,Oa,0.35502
2000,27,Oa,1.95816
2000,29,Oa,3.99876
2000,31,Oa,2.82286
2000,33,Oa,2.8659
2000,38,Oa,1.77508
2000,40,Oa,0.2048
2000,41,Oa,0.8436
2000,42,Oa,0.80794416
2000,44,Oa,6.95176
2000,46,Oa,0.9008
2000,50,Oa,2.1648
2000,52,Oa,2.99425
2000,54,Oa,3.09937104
2000,56,Oa,1.83141
2000,57,Oa,2.61667
2000,58,Oa,6.834072
2000,60,Oa,0
2000,62,Oa,1.08778776
2000,64,Oa,1.22234081
2000,65,Oa,7.24293093
2000,66,Oa,2.26171824
2000,70,Oa,0.4792557
2000,75,Oa,0.9795928
2000,76,Oa,0.83809304
2000,78,Oa,4.86164998
2000,80,Oa,2.98894545
2000,81,Oa,2.55451592
2000,84,Oa,3.4260606
2000,86,Oa,3.35790665
2000,90,Oa,1.74453864
2000,91,Oa,4.66005324
2000,94,Oa,3.28154235
2000,95,Oa,2.84902245
2000,98,Oa,3.5616814
2000,99,Oa,5.309073825
2000,101,Oa,10.24368526
2000,103,Oa,5.75827179
2000,106,Oa,3.83780208
2000,107,Oa,2.520684
2000,109,Oa,5.14744272
2000,112,Oa,3.46781088
2000,117,Oa,2.51113806
2000,118,Oa,11.40970872
2000,121,Oa,2.05531544
2000,122,Oa,4.10442263
2000,126,Oa,1.06862301
2000,127,Oa,1.228312
2000,129,Oa,3.65293632
2000,132,Oa,0
2000,135,Oa,2.12217936
2000,137,Oa,5.3208204
2000,138,Oa,4.90972021
2000,141,Oa,6.09301137
2000,142,Oa,0
2000,146,Oa,0.31180525
2000,148,Oa,0.54917149
2000,149,Oa,6.10777496
2000,151,Oa,0
2000,153,Oa,1.08258204
2000,155,Oa,1.4424615
2000,156,Oa,2.33139776
2000,158,Oa,0.79383056
2000,160,Oa,1.97757657
2000,162,Oa,0.54755397
2000,164,Oa,1.5402744
2000,166,Oa,0.40047036
2000,167,Oa,0.30670945
2000,169,Oa,1.967423
2000,170,Oa,1.972812565
2000,171,Oa,1.01250787
2000,173,Oa,0.73424344
2000,175,Oa,6.29659884
2000,177,Oa,0
2000,179,Oa,0.4241237
2000,180,Oa,3.0829248
2000,182,Oa,1.15448004
2000,184,Oa,1.86118265
2000,186,Oa,0
2000,187,Oa,1.47467985
2000,188,Oa,0
2000,189,Oa,2.4667953
2000,191,Oa,2.2776432
2000,193,Oa,6.89644332
2000,195,Oa,3.88374488
2000,196,Oa,0
2000,198,Oa,1.73096048
2000,199,Oa,1.0135068
2000,200,Oa,3.05203376
2000,3,Oie,2.56542
2000,5,Oie,6.57312
2000,7,Oie,2.97542
2000,9,Oie,0.99864
2000,10,Oie,1.22204
2000,13,Oie,1.94452
2000,14,Oie,2.81496
2000,17,Oie,0.87584
2000,19,Oie,1.10208
2000,21,Oie,1.25028
2000,23,Oie,1.47392
2000,26,Oie,0.87955
2000,27,Oie,1.31859
2000,29,Oie,0.98092
2000,31,Oie,2.27841
2000,33,Oie,1.70154
2000,38,Oie,2.13244
2000,40,Oie,1.90876
2000,41,Oie,1.70505
2000,42,Oie,0.85646925
2000,44,Oie,5.05305
2000,46,Oie,3.06977
2000,50,Oie,1.85652
2000,52,Oie,2.73638
2000,54,Oie,0.80376544
2000,56,Oie,1.48326
2000,57,Oie,1.5694
2000,58,Oie,3.20065928
2000,60,Oie,1.87298329
2000,62,Oie,2.12014485
2000,64,Oie,1.25083035
2000,65,Oie,2.16179061
2000,66,Oie,2.42297842
2000,70,Oie,3.17944712
2000,75,Oie,1.36260615
2000,76,Oie,1.04036268
2000,78,Oie,3.35933136
2000,80,Oie,1.80984036
2000,81,Oie,1.38404802
2000,84,Oie,1.84419531
2000,86,Oie,1.5075438
2000,90,Oie,1.59342768
2000,91,Oie,1.68811258
2000,94,Oie,2.28893565
2000,95,Oie,2.2977396
2000,98,Oie,1.23882825
2000,99,Oie,1.1576512
2000,101,Oie,3.0062142
2000,103,Oie,4.43562936
2000,106,Oie,1.82484231
2000,107,Oie,2.35708646
2000,109,Oie,2.02927065
2000,112,Oie,0.86640736
2000,117,Oie,0.667163
2000,118,Oie,1.4587808
2000,121,Oie,0.43521522
2000,122,Oie,0.94153794
2000,126,Oie,0.31298395
2000,127,Oie,1.51279326
2000,129,Oie,2.54841357
2000,132,Oie,0.908294
2000,135,Oie,2.4585295
2000,137,Oie,1.92749172
2000,138,Oie,1.03704822
2000,141,Oie,2.7138978
2000,142,Oie,1.25525224
2000,146,Oie,2.43637668
2000,148,Oie,1.88381208
2000,149,Oie,2.00033208
2000,151,Oie,1.47882525
2000,153,Oie,1.45368911
2000,155,Oie,0.96221784
2000,156,Oie,1.94205968
2000,158,Oie,0.84036204
2000,160,Oie,1.74535767
2000,162,Oie,1.175762075
2000,164,Oie,3.46232119
2000,166,Oie,0.7754032
2000,167,Oie,0.80512904
2000,169,Oie,1.62094184
2000,170,Oie,1.26535566
2000,171,Oie,0.9922338
2000,173,Oie,1.18277138
2000,175,Oie,2.93419903
2000,177,Oie,1.0477106
2000,179,Oie,1.35380788
2000,180,Oie,2.04574328
2000,182,Oie,0.73633868
2000,184,Oie,1.51327932
2000,186,Oie,0.4421472
2000,187,Oie,2.50980964
2000,188,Oie,2.3063356
2000,189,Oie,3.01407744
2000,191,Oie,1.92701353
2000,193,Oie,1.5180843
2000,195,Oie,1.9194003
2000,196,Oie,0.54014224
2000,198,Oie,1.51652928
2000,199,Oie,0.8857243
2000,200,Oie,1.87008108
2002,3,min,2.67077653
2002,7,min,0
2002,9,min,1.24307458
2002,11,min,0.9342414
2002,13,min,4.35845816
2002,14,min,0
2002,17,min,0
2002,18,min,0
2002,20,min,5.0062927
2002,23,min,0
2002,24,min,0
2002,26,min,3.43360905
2002,28,min,3.82989189
2002,30,min,3.47227107
2002,31,min,0
2002,36,min,3.11637637
2002,39,min,0
2002,41,min,0
2002,42,min,3.41028963
2002,44,min,0
2002,47,min,0
2002,50,min,3.62656335
2002,52,min,5.02330041
2002,55,min,5.8682616
2002,56,min,6.71161104
2002,58,min,3.5209966
2002,61,min,0
2002,63,min,4.92977765
2002,66,min,0
2002,67,min,2.21702313
2002,69,min,2.3133733
2002,72,min,4.08466695
2002,73,min,3.92038456
2002,78,min,4.488042
2002,81,min,3.12588588
2002,82,min,1.9915568
2002,84,min,2.07357084
2002,86,min,2.8594176
2002,89,min,3.29019994
2002,90,min,0
2002,93,min,2.36818329
2002,96,min,3.3
2002,97,min,2.78628
2002,100,min,5.13108
2002,101,min,0
2002,104,min,3.232
2002,105,min,2.34525
2002,108,min,2.24655
2002,110,min,3.3579
2002,113,min,2.54628
2002,114,min,3.6134
2002,117,min,2.787
2002,118,min,2.17128
2002,121,min,4.10565
2002,123,min,3.27096
2002,126,min,4.90575
2002,129,min,2.1476
2002,131,min,7.37352
2002,132,min,2.0682
2002,134,min,2.52155
2002,135,min,3.63145
2002,137,min,2.9915
2002,140,min,2.95504
2002,143,min,2.85882
2002,146,min,3.5436
2002,147,min,0
2002,149,min,3.67759
2002,150,min,4.9032
2002,151,min,0
2002,152,min,2.77993838
2002,154,min,3.68947497
2002,156,min,4.85147567
2002,157,min,0
2002,159,min,2.84614666
2002,160,min,1.97695377
2002,162,min,1.8514567
2002,164,min,3.76978112
2002,166,min,3.81900797
2002,167,min,3.2779716
2002,169,min,1.73553902
2002,170,min,3.0953604
2002,171,min,4.36960068
2002,173,min,4.76626372
2002,174,min,2.72443743
2002,175,min,3.84960006
2002,177,min,0
2002,179,min,1.96111296
2002,180,min,2.32954452
2002,182,min,3.633014
2002,185,min,3.38262582
2002,186,min,1.65478014
2002,189,min,3.17366914
2002,190,min,2.39220432
2002,192,min,2.28295704
2002,194,min,3.74267852
2002,196,min,3.31065198
2002,197,min,2.530375225
2002,199,min,3.1240934
2002,200,min,1.32422121
2002,3,Oa,4.33493075
2002,4,Oa,4.85089986
2002,6,Oa,2.4337206
2002,7,Oa,0
2002,9,Oa,0.48878192
2002,11,Oa,1.216024425
2002,13,Oa,2.04461609
2002,14,Oa,0
2002,17,Oa,12.41756001
2002,18,Oa,0
2002,20,Oa,0
2002,23,Oa,0
2002,24,Oa,0.5143567
2002,26,Oa,0.89234508
2002,28,Oa,0
2002,30,Oa,3.15680694
2002,31,Oa,4.79212592
2002,36,Oa,7.40621417
2002,39,Oa,0
2002,41,Oa,1.08914603
2002,42,Oa,0
2002,44,Oa,1.11516618
2002,47,Oa,1.76527988
2002,50,Oa,1.3111188
2002,52,Oa,2.02965192
2002,55,Oa,1.93615716
2002,56,Oa,0
2002,58,Oa,4.4485105
2002,61,Oa,0.90903315
2002,63,Oa,4.33400074
2002,66,Oa,2.02334685
2002,67,Oa,0.6158115
2002,69,Oa,3.3138168
2002,72,Oa,0
2002,73,Oa,0
2002,78,Oa,4.50642582
2002,81,Oa,0
2002,82,Oa,1.75992765
2002,84,Oa,1.56496524
2002,86,Oa,0.4026048
2002,89,Oa,0.94843638
2002,90,Oa,0
2002,93,Oa,1.97809535
2002,96,Oa,4.75049924
2002,97,Oa,1.84134968
2002,100,Oa,0
2002,101,Oa,0
2002,104,Oa,0
2002,105,Oa,1.01034544
2002,108,Oa,2.04582453
2002,110,Oa,4.4260757
2002,113,Oa,0
2002,114,Oa,9.5843856
2002,117,Oa,1.0893896
2002,118,Oa,1.0449145
2002,121,Oa,7.59548332
2002,123,Oa,2.5964952
2002,126,Oa,2.45823494
2002,129,Oa,0.35964875
2002,131,Oa,3.51846925
2002,132,Oa,0.59425644
2002,134,Oa,2.79529187
2002,135,Oa,3.98623524
2002,137,Oa,2.45128408
2002,140,Oa,2.043189
2002,143,Oa,1.25146512
2002,146,Oa,4.4196305
2002,147,Oa,2.27280305
2002,149,Oa,4.29317168
2002,150,Oa,3.14829392
2002,151,Oa,0.50861569
2002,152,Oa,0
2002,154,Oa,0.78350211
2002,156,Oa,0
2002,157,Oa,0
2002,159,Oa,0.48406492
2002,160,Oa,1.75657794
2002,162,Oa,0
2002,164,Oa,0.73286916
2002,166,Oa,0.4022736
2002,167,Oa,0.69519744
2002,169,Oa,3.09528986
2002,170,Oa,1.01585451
2002,171,Oa,1.58004582
2002,173,Oa,1.01509074
2002,174,Oa,1.23889948
2002,175,Oa,0.93044355
2002,177,Oa,7.56529155
2002,179,Oa,0
2002,180,Oa,0
2002,182,Oa,1.29437644
2002,185,Oa,0
2002,186,Oa,1.88211744
2002,189,Oa,0.31278096
2002,190,Oa,0.84819999
2002,192,Oa,4.64926548
2002,194,Oa,1.06863603
2002,196,Oa,0
2002,197,Oa,0.40865827
2002,199,Oa,2.77804265
2002,200,Oa,9.100728
2002,3,Oie,1.23887445
2002,4,Oie,3.25595628
2002,6,Oie,1.86986093
2002,7,Oie,3.5112728
2002,9,Oie,0.87728326
2002,11,Oie,1.01283528
2002,13,Oie,0.7869288
2002,14,Oie,2.50812005
2002,17,Oie,2.49274326
2002,18,Oie,0.90819594
2002,20,Oie,0.99392208
2002,23,Oie,0.97398048
2002,24,Oie,0.66540065
2002,26,Oie,1.158961965
2002,28,Oie,1.9361133
2002,30,Oie,1.31392705
2002,31,Oie,1.4050862
2002,36,Oie,5.47758432
2002,39,Oie,1.22482643
2002,41,Oie,0.2860872
2002,42,Oie,1.30456167
2002,44,Oie,0.64807424
2002,47,Oie,1.7859852
2002,50,Oie,0.90556416
2002,52,Oie,1.135056
2002,55,Oie,0.59094493
2002,56,Oie,1.30190509
2002,58,Oie,4.10380344
2002,61,Oie,0.79347059
2002,63,Oie,4.9980955
2002,66,Oie,0.92846468
2002,67,Oie,1.6046195
2002,69,Oie,2.14340864
2002,72,Oie,1.24596168
2002,73,Oie,1.25839602
2002,78,Oie,1.0560038
2002,81,Oie,4.25696626
2002,82,Oie,3.06822824
2002,84,Oie,1.32935796
2002,86,Oie,1.90465668
2002,89,Oie,1.28033968
2002,90,Oie,0.95507433
2002,93,Oie,5.00148985
2002,96,Oie,2.9860451
2002,97,Oie,1.12827418
2002,100,Oie,4.69361635
2002,101,Oie,1.92121984
2002,104,Oie,5.18196456
2002,105,Oie,0.52345088
2002,108,Oie,1.0662253
2002,110,Oie,1.42262456
2002,113,Oie,1.13063568
2002,114,Oie,5.664267405
2002,117,Oie,0.69038475
2002,118,Oie,0.64346586
2002,121,Oie,1.7968198
2002,123,Oie,1.82980875
2002,126,Oie,0.36828836
2002,129,Oie,3.69883072
2002,131,Oie,1.5280695
2002,132,Oie,1.00390428
2002,134,Oie,0.86565558
2002,135,Oie,1.411709685
2002,137,Oie,1.26083467
2002,140,Oie,2.24164824
2002,143,Oie,2.50236274
2002,146,Oie,2.39671454
2002,147,Oie,1.94458008
2002,149,Oie,1.7131536
2002,150,Oie,2.74349796
2002,151,Oie,1.73655558
2002,152,Oie,0.79391662
2002,154,Oie,1.89330215
2002,156,Oie,1.07125536
2002,157,Oie,3.05213506
2002,159,Oie,2.83193119
2002,160,Oie,0.9705956
2002,162,Oie,1.11125914
2002,164,Oie,1.10983616
2002,166,Oie,0.86161252
2002,167,Oie,2.27577348
2002,169,Oie,3.03187192
2002,170,Oie,1.52303274
2002,171,Oie,1.3925905
2002,173,Oie,1.68140316
2002,174,Oie,1.0318388
2002,175,Oie,2.28324708
2002,177,Oie,1.1763538
2002,179,Oie,1.20752271
2002,180,Oie,1.12350084
2002,182,Oie,1.24174512
2002,185,Oie,1.5561371
2002,186,Oie,1.4593683
2002,189,Oie,1.22705724
2002,190,Oie,2.30590971
2002,192,Oie,1.370388507
2002,194,Oie,1.19954085
2002,196,Oie,1.28340312
2002,197,Oie,2.48174404
2002,199,Oie,1.12779744
2002,200,Oie,3.65544944
2006,2,min,0
2006,4,Min,1.54701162
2006,6,Min,3.26843358
2006,8,Min,1.99614543
2006,10,min,0
2006,11,Min,1.94892576
2006,13,Min,4.6507704
2006,15,Min,0.60590493
2006,19,Min,3.9823203
2006,22,Min,0.83035848
2006,24,Min,4.42169046
2006,26,Min,6.27007524
2006,29,Min,2.10535684
2006,30,Min,4.2603291
2006,33,Min,4.8023254
2006,37,Min,5.14732716
2006,39,Min,4.67198556
2006,41,Min,2.88313736
2006,43,Min,3.37018736
2006,45,Min,6.09935355
2006,47,Min,5.71406256
2006,53,Min,4.63049714
2006,54,Min,3.89094134
2006,56,min,0
2006,58,Min,2.61330806
2006,60,Min,4.88241356
2006,62,Min,2.82437964
2006,64,Min,3.23922087
2006,66,Min,2.85115619
2006,68,Min,1.92338528
2006,70,Min,2.5610436
2006,72,Min,3.45207126
2006,74,Min,3.9561507
2006,76,Min,5.07522876
2006,78,Min,3.90018636
2006,80,Min,7.04820695
2006,82,Min,2.56958025
2006,85,Min,2.22713056
2006,86,Min,1.89571044
2006,88,Min,2.78494884
2006,90,min,0
2006,91,Min,3.0356174
2006,94,Min,5.88468623
2006,96,Min,2.1454728
2006,100,Min,2.30090427
2006,101,Min,3.09614991
2006,103,Min,3.37246383
2006,105,Min,3.25978172
2006,107,Min,3.56821773
2006,109,Min,3.88903989
2006,111,Min,2.59346546
2006,113,Min,6.66952627
2006,115,Min,3.741989
2006,118,Min,3.390633
2006,120,Min,2.43552
2006,122,Min,2.8467767
2006,123,Min,5.78681112
2006,124,min,0
2006,126,Min,2.31321041
2006,128,Min,2.85452988
2006,129,Min,3.783905
2006,131,Min,2.79962716
2006,132,Min,4.72631346
2006,134,Min,3.54124514
2006,135,Min,2.8844761
2006,137,Min,1.565853
2006,140,Min,2.14013709
2006,142,Min,2.8125881
2006,144,Min,2.13937188
2006,146,min,
2006,147,Min,3.43929792
2006,149,Min,3.68713862
2006,150,Min,1.11993593
2006,152,Min,2.54979123
2006,154,Min,3.51355809
2006,156,Min,3.01810556
2006,157,min,
2006,159,Min,2.34428304
2006,161,Min,1.93487143
2006,164,Min,3.24051882
2006,166,Min,2.55736924
2006,168,Min,3.45698154
2006,169,min,
2006,171,Min,1.59008876
2006,172,Min,1.991306175
2006,174,Min,1.64608488
2006,175,Min,2.1792792
2006,177,Min,4.27328864
2006,179,Min,2.63062394
2006,181,Min,4.45917885
2006,183,Min,3.47311972
2006,184,Min,1.82629701
2006,186,Min,2.36091104
2006,188,Min,3.67176915
2006,190,Min,2.21687004
2006,192,min,0
2006,194,Min,1.44383544
2006,196,Min,0.77987178
2006,197,Min,3.3260777
2006,199,Min,2.21608624
2006,2,Oa,0.48411286
2006,4,Oa,1.12493
2006,6,Oa,2.5458923
2006,8,Oa,1.40370516
2006,10,Oa,0
2006,11,Oa,0
2006,13,Oa,1.48277472
2006,15,Oa,0.720302
2006,19,Oa,0.38041461
2006,22,Oa,1.54158516
2006,24,Oa,2.13129675
2006,26,Oa,0.36770521
2006,29,Oa,2.33381976
2006,30,Oa,0.92741478
2006,33,Oa,0.66868
2006,37,Oa,0
2006,39,Oa,0
2006,41,Oa,0.71174892
2006,43,Oa,0.76871336
2006,45,Oa,2.82474297
2006,47,Oa,2.2516956
2006,53,Oa,0.7424558
2006,54,Oa,0.9250076
2006,56,Oa,5.46988342
2006,58,Oa,0.20528991
2006,60,Oa,0.105147
2006,62,Oa,0.82311641
2006,64,Oa,0.47577375
2006,66,Oa,0.80162824
2006,68,Oa,1.22345028
2006,70,Oa,0.1939938
2006,72,Oa,0.13621422
2006,74,Oa,0
2006,76,Oa,8.334756925
2006,78,Oa,1.32622371
2006,80,Oa,2.94165107
2006,82,Oa,0.75902904
2006,85,Oa,
2006,86,Oa,0.5626934
2006,88,Oa,0
2006,90,Oa,0.32612816
2006,91,Oa,1.18771002
2006,94,Oa,0.0373711
2006,96,Oa,1.87682339
2006,100,Oa,0.20177576
2006,101,Oa,0.70086006
2006,103,Oa,1.61823716
2006,105,Oa,0.15805986
2006,107,Oa,0.16729451
2006,109,Oa,1.2426966
2006,111,Oa,9.29867584
2006,113,Oa,2.3005692
2006,115,Oa,1.44634353
2006,118,Oa,0.63874154
2006,120,Oa,0.23065471
2006,122,Oa,2.45431056
2006,123,Oa,1.65144896
2006,124,Oa,0.17450235
2006,126,Oa,2.35780544
2006,128,Oa,0
2006,129,Oa,1.83591082
2006,131,Oa,0.30545208
2006,132,Oa,1.39762408
2006,134,Oa,0
2006,135,Oa,0.44488875
2006,137,Oa,2.90904084
2006,140,Oa,
2006,142,Oa,0
2006,144,Oa,3.3973241
2006,146,Oa,0.54748635
2006,147,Oa,0
2006,149,Oa,0.7667547
2006,150,Oa,0.26711796
2006,152,Oa,0.9499468
2006,154,Oa,3.9577824
2006,156,Oa,2.04973482
2006,157,Oa,1.05118544
2006,159,Oa,0
2006,161,Oa,0.26845059
2006,164,Oa,0
2006,166,Oa,1.11572454
2006,168,Oa,1.12690872
2006,169,Oa,1.7107435
2006,171,Oa,1.67624375
2006,172,Oa,0.5295927
2006,174,Oa,2.06902507
2006,175,Oa,0.35403966
2006,177,Oa,0.12075661
2006,179,Oa,
2006,181,Oa,0.40648825
2006,183,Oa,2.23374292
2006,184,Oa,2.25628664
2006,186,Oa,0.9136582
2006,188,Oa,
2006,190,Oa,1.3048205
2006,192,Oa,1.98099369
2006,194,Oa,1.54534838
2006,196,Oa,1.72607868
2006,197,Oa,2.26312296
2006,199,Oa,1.0898545
2006,2,Oie,1.78073433
2006,4,Oie,1.088109054
2006,6,Oie,1.847004628
2006,8,Oie,0.973217511
2006,10,Oie,1.438645403
2006,11,Oie,1.20883455
2006,13,Oie,1.96014063
2006,15,Oie,1.222475457
2006,19,Oie,1.14373625
2006,22,Oie,0.9196596
2006,24,Oie,1.719213235
2006,26,Oie,1.068906844
2006,29,Oie,1.816929977
2006,30,Oie,1.18862556
2006,33,Oie,0.54223524
2006,37,Oie,1.739500644
2006,39,Oie,1.37060148
2006,41,Oie,0.962127121
2006,43,Oie,1.322147721
2006,45,Oie,2.34795561
2006,47,Oie,1.104091621
2006,53,Oie,1.7279268
2006,54,Oie,1.019463729
2006,56,Oie,0.231880085
2006,58,Oie,1.148082208
2006,60,Oie,0.928786911
2006,62,Oie,2.829727914
2006,64,Oie,1.324102292
2006,66,Oie,1.2529916
2006,68,Oie,1.35664308
2006,70,Oie,0.649662601
2006,72,Oie,0.837384192
2006,74,Oie,1.724863965
2006,76,Oie,1.85731052
2006,78,Oie,1.817286597
2006,80,Oie,1.606465787
2006,82,Oie,1.085097537
2006,85,Oie,1.57109271
2006,86,Oie,1.517729434
2006,88,Oie,1.305960988
2006,90,Oie,0.622636483
2006,91,Oie,1.310478388
2006,94,Oie,1.603402088
2006,96,Oie,2.145356928
2006,100,Oie,2.936913968
2006,101,Oie,0.67966204
2006,103,Oie,2.928282444
2006,105,Oie,1.612518824
2006,107,Oie,3.83915014
2006,109,Oie,0.546263676
2006,111,Oie,2.33324209
2006,113,Oie,1.503305624
2006,115,Oie,1.75265694
2006,118,Oie,0.753456635
2006,120,Oie,1.514554534
2006,122,Oie,1.00356256
2006,123,Oie,1.062671925
2006,124,Oie,1.31292462
2006,126,Oie,1.870548952
2006,128,Oie,1.504584294
2006,129,Oie,2.10503748
2006,131,Oie,7.504327362
2006,132,Oie,1.188273632
2006,134,Oie,1.4060487
2006,135,Oie,1.806725475
2006,137,Oie,1.392152196
2006,140,Oie,3.73362052
2006,142,Oie,1.649663988
2006,144,Oie,1.846018042
2006,146,Oie,2.445751776
2006,147,Oie,0.701563752
2006,149,Oie,1.175935488
2006,150,Oie,0.662810535
2006,152,Oie,2.62987
2006,154,Oie,1.892654782
2006,156,Oie,1.717820907
2006,157,Oie,1.765625175
2006,159,Oie,0.193630675
2006,161,Oie,1.708534028
2006,164,Oie,1.087230936
2006,166,Oie,1.286846826
2006,168,Oie,2.093238373
2006,169,Oie,2.154610032
2006,171,Oie,1.047137376
2006,172,Oie,1.766787039
2006,174,Oie,1.630205928
2006,175,Oie,1.780035696
2006,177,Oie,1.070609043
2006,179,Oie,2.207778874
2006,181,Oie,0.865371381
2006,183,Oie,2.905422579
2006,184,Oie,2.260241481
2006,186,Oie,0.852066096
2006,188,Oie,4.240054445
2006,190,Oie,1.97686644
2006,192,Oie,2.305811685
2006,194,Oie,1.177394928
2006,196,Oie,1.776618141
2006,197,Oie,1.733707439
2006,199,Oie,1.50088365
2010,2,min,3.807571299
2010,4,min,0
2010,6,min,0
2010,8,min,0
2010,10,min,0.194930677
2010,11,min,0
2010,13,min,3.454934492
2010,15,min,0
2010,19,min,4.208121501
2010,22,min,1.505170038
2010,24,min,1.92460158
2010,26,min,3.56127246
2010,29,min,1.5795536
2010,30,min,2.32380456
2010,33,min,3.15126175
2010,37,min,3.19333287
2010,39,min,4.66430796
2010,41,min,0
2010,43,min,4.375018333
2010,45,min,0
2010,47,min,3.181995315
2010,53,min,4.409511389
2010,54,min,0
2010,56,min,1.581341138
2010,58,min,1.892454245
2010,60,min,0.091212714
2010,62,min,4.887936149
2010,64,min,3.738928785
2010,66,min,3.465172146
2010,68,min,3.789366563
2010,70,min,3.464685439
2010,72,min,1.933748691
2010,74,min,2.294859038
2010,76,min,4.045651
2010,78,min,4.1559175
2010,80,min,0
2010,82,min,3.426271362
2010,85,min,2.361570483
2010,86,min,2.526510386
2010,88,min,2.476279184
2010,90,min,0
2010,91,min,0.749410371
2010,94,min,0
2010,96,min,2.373372637
2010,100,min,2.850300366
2010,101,min,1.530803754
2010,103,min,1.916696928
2010,105,min,1.308049997
2010,107,min,3.119882596
2010,109,min,4.324507013
2010,111,min,4.577734353
2010,113,min,0
2010,115,min,2.688767609
2010,118,min,2.943841992
2010,120,min,2.328453367
2010,122,min,3.808472373
2010,123,min,2.056282371
2010,124,min,4.495494152
2010,126,min,1.865888482
2010,128,min,2.144598205
2010,129,min,3.693809917
2010,131,min,0
2010,132,min,1.697017142
2010,134,min,2.663459975
2010,135,min,2.660619458
2010,137,min,1.229790507
2010,140,min,2.687884584
2010,142,min,2.121187941
2010,143,min,0
2010,146,min,2.487263585
2010,147,min,0.891786253
2010,149,min,3.529057365
2010,150,min,3.270105204
2010,152,min,3.064478885
2010,154,min,2.503434106
2010,156,min,3.389086254
2010,157,min,2.630968875
2010,159,min,2.279847568
2010,161,min,1.805971466
2010,164,min,2.076653175
2010,166,min,3.268600739
2010,168,min,2.186749527
2010,169,min,2.773018258
2010,171,min,2.158545223
2010,172,min,3.984491733
2010,174,min,0
2010,175,min,1.919414515
2010,177,min,2.532705824
2010,179,min,0.6153378
2010,181,min,1.466194621
2010,183,min,1.512135207
2010,184,min,2.790104902
2010,186,min,2.844645932
2010,188,min,3.795936318
2010,190,min,2.392201437
2010,192,min,2.635185725
2010,194,min,2.086847012
2010,196,min,1.815275638
2010,197,min,0
2010,199,min,2.871249976
2010,2,Oa,2.577113617
2010,4,Oa,0.859137316
2010,6,Oa,5.325365539
2010,8,Oa,0
2010,10,Oa,0.318943337
2010,11,Oa,0.513779791
2010,13,Oa,2.914258928
2010,15,Oa,0
2010,19,Oa,0.921758917
2010,22,Oa,1.675794276
2010,24,Oa,0.973725969
2010,26,Oa,0.704758444
2010,29,Oa,1.355765132
2010,30,Oa,4.007636095
2010,33,Oa,1.540179386
2010,37,Oa,1.952951767
2010,39,Oa,5.74865587
2010,41,Oa,0
2010,43,Oa,2.108532464
2010,45,Oa,1.228406419
2010,47,Oa,2.41405066
2010,53,Oa,0.860560341
2010,54,Oa,1.266266278
2010,56,Oa,2.115986957
2010,58,Oa,0.711014616
2010,60,Oa,0.061431677
2010,62,Oa,2.877311343
2010,64,Oa,2.10355252
2010,66,Oa,3.542163922
2010,68,Oa,0
2010,70,Oa,0.524878764
2010,72,Oa,0.753191948
2010,74,Oa,1.251101025
2010,76,Oa,1.508393258
2010,78,Oa,1.44868334
2010,80,Oa,6.396141008
2010,82,Oa,0
2010,85,Oa,1.832953232
2010,86,Oa,0.362069246
2010,88,Oa,1.153514208
2010,90,Oa,1.751765784
2010,91,Oa,2.731771714
2010,94,Oa,0.719725894
2010,96,Oa,0.214887532
2010,100,Oa,1.534751859
2010,101,Oa,2.458275719
2010,103,Oa,3.970148453
2010,105,Oa,1.990491313
2010,107,Oa,0.523924104
2010,109,Oa,0.901634353
2010,111,Oa,2.007894135
2010,113,Oa,6.193353432
2010,115,Oa,2.431021997
2010,118,Oa,4.875666551
2010,120,Oa,0.845303998
2010,122,Oa,0.446162386
2010,123,Oa,0.837139325
2010,124,Oa,2.850156844
2010,126,Oa,3.218197845
2010,128,Oa,3.047400222
2010,129,Oa,0.222139459
2010,131,Oa,5.291814789
2010,132,Oa,2.368570382
2010,134,Oa,1.312007982
2010,135,Oa,0.719065812
2010,137,Oa,1.492314511
2010,140,Oa,0.445709095
2010,142,Oa,0.325844978
2010,143,Oa,0.652552237
2010,146,Oa,0.671829032
2010,147,Oa,1.105564807
2010,149,Oa,0.80111851
2010,150,Oa,0
2010,152,Oa,2.277124266
2010,154,Oa,0.329170198
2010,156,Oa,0.304184986
2010,157,Oa,0
2010,159,Oa,0.400603918
2010,161,Oa,0.279709671
2010,164,Oa,0.805203486
2010,166,Oa,0.609272017
2010,168,Oa,2.643686585
2010,169,Oa,0
2010,171,Oa,2.591263949
2010,172,Oa,1.012097088
2010,174,Oa,0
2010,175,Oa,1.014235605
2010,177,Oa,0.876396684
2010,179,Oa,1.072320927
2010,181,Oa,0.837071245
2010,183,Oa,0.445094397
2010,184,Oa,0.597309206
2010,186,Oa,1.921793175
2010,188,Oa,0.189932781
2010,190,Oa,0.15680227
2010,192,Oa,1.083236522
2010,194,Oa,0.498210467
2010,196,Oa,0.542070205
2010,197,Oa,0.809888155
2010,199,Oa,0.63291543
2010,2,Oie,1.618383654
2010,4,Oie,1.258047516
2010,6,Oie,2.617731241
2010,8,Oie,1.626349531
2010,10,Oie,2.11874389
2010,11,Oie,0.483220907
2010,13,Oie,3.165999912
2010,15,Oie,2.000427069
2010,19,Oie,1.318051079
2010,22,Oie,2.186186217
2010,24,Oie,2.641662637
2010,26,Oie,0.941816871
2010,29,Oie,1.193525311
2010,30,Oie,1.83104865
2010,33,Oie,1.498537048
2010,37,Oie,1.670855821
2010,39,Oie,0.847226088
2010,41,Oie,2.197037896
2010,43,Oie,2.035570746
2010,45,Oie,1.006291559
2010,47,Oie,1.408038462
2010,53,Oie,1.453563511
2010,54,Oie,1.62741457
2010,56,Oie,1.187735527
2010,58,Oie,1.230739391
2010,60,Oie,0.445193275
2010,62,Oie,1.092125231
2010,64,Oie,2.104699027
2010,66,Oie,5.575106426
2010,68,Oie,1.056102259
2010,70,Oie,0.455234825
2010,72,Oie,1.168373964
2010,74,Oie,1.523061315
2010,76,Oie,0.680795861
2010,78,Oie,1.492464293
2010,80,Oie,1.419504422
2010,82,Oie,0.93183038
2010,85,Oie,1.072061934
2010,86,Oie,1.056123781
2010,88,Oie,2.758823428
2010,90,Oie,0.821336865
2010,91,Oie,1.477972268
2010,94,Oie,0.519820021
2010,96,Oie,1.052212912
2010,100,Oie,2.286501753
2010,101,Oie,2.16029573
2010,103,Oie,2.187124132
2010,105,Oie,1.343665516
2010,107,Oie,0.843657518
2010,109,Oie,2.402241428
2010,111,Oie,1.41637968
2010,113,Oie,1.532002742
2010,115,Oie,0.903115253
2010,118,Oie,1.568056661
2010,120,Oie,1.518344964
2010,122,Oie,0.757187293
2010,123,Oie,0.460403592
2010,124,Oie,3.332965674
2010,126,Oie,1.804083994
2010,128,Oie,0.534106913
2010,129,Oie,0.502625665
2010,131,Oie,1.199463719
2010,132,Oie,1.9702631
2010,134,Oie,9.21705691
2010,135,Oie,2.844951567
2010,137,Oie,1.724333533
2010,140,Oie,0.231446398
2010,142,Oie,1.018668332
2010,143,Oie,2.9039145
2010,146,Oie,0.981354945
2010,147,Oie,2.7203582
2010,149,Oie,0.958356036
2010,150,Oie,0.59641491
2010,152,Oie,1.344742176
2010,154,Oie,1.431527208
2010,156,Oie,0.44523004
2010,157,Oie,0.87929707
2010,159,Oie,3.685061754
2010,161,Oie,0.667348605
2010,164,Oie,1.424191162
2010,166,Oie,1.182812362
2010,168,Oie,2.384639238
2010,169,Oie,0.470553551
2010,171,Oie,1.792495932
2010,172,Oie,1.236270106
2010,174,Oie,0.495985797
2010,175,Oie,0.132365388
2010,177,Oie,2.110573726
2010,179,Oie,2.059698481
2010,181,Oie,1.269089694
2010,183,Oie,1.643462281
2010,184,Oie,1.194144461
2010,186,Oie,2.769546515
2010,188,Oie,1.28097237
2010,190,Oie,1.213844398
2010,192,Oie,1.808378232
2010,194,Oie,0
2010,196,Oie,1.381815184
2010,197,Oie,3.264948383
2010,199,Oie,0.669443629
2014,3,min,
2014,5,min,0
2014,6,min,0
2014,7,min,1.965270924
2014,8,min,2.764367639
2014,9,min,5.67058294
2014,10,min,2.170211404
2014,11,min,2.294054264
2014,12,min,1.102055867
2014,14,min,0.334697641
2014,16,min,3.027629609
2014,18,min,2.74697931
2014,31,min,3.108204191
2014,32,min,0.796648579
2014,33,min,3.912925425
2014,35,min,1.892897154
2014,37,min,3.463438336
2014,38,min,5.450088628
2014,43,min,4.908212994
2014,44,min,2.176903728
2014,46.1,min,1.679334274
2014,46.2,min,1.857259637
2014,48,min,1.991985084
2014,54,min,3.36377921
2014,56,min,1.083116464
2014,58,min,2.025735425
2014,61,min,2.412305201
2014,62,min,0
2014,63,min,4.071269444
2014,64,min,2.80365771
2014,65,min,3.829274711
2014,66,min,4.406252248
2014,67,min,4.463058862
2014,69,min,4.388136822
2014,71,min,2.050307758
2014,73,min,2.58113333
2014,76,min,0.440598887
2014,77,min,1.314510725
2014,78,min,1.375290588
2014,79,min,1.402179768
2014,80,min,4.485951499
2014,82,min,4.810872844
2014,84,min,5.352906092
2014,86,min,4.520472378
2014,91,min,4.644629909
2014,92,min,1.541238605
2014,93,min,3.294380348
2014,95,min,5.981064741
2014,96,min,1.984717478
2014,103,min,5.028382816
2014,104,min,2.744791444
2014,105,min,1.790602784
2014,106,min,1.773737547
2014,110,min,3.619516875
2014,111,min,1.562346849
2014,112,min,1.574030272
2014,118,min,2.984099562
2014,119,min,3.102701209
2014,121,min,1.597879863
2014,124,min,5.462250214
2014,126,min,4.15108351
2014,129,min,1.847543443
2014,130,min,1.763113867
2014,132,min,0.341854277
2014,133,min,3.110166812
2014,137,min,1.142372239
2014,138,min,1.227008873
2014,139,min,3.689966649
2014,140,min,3.375087211
2014,141,min,2.816016356
2014,142,min,2.008844509
2014,145,min,2.66941457
2014,146,min,4.55382663
2014,148,min,1.712204858
2014,149,min,3.625172375
2014,153,min,2.587421592
2014,155,min,3.481771108
2014,158,min,3.429019096
2014,159,min,3.328812476
2014,160,min,3.666782946
2014,162,min,5.793412113
2014,163,min,2.012796461
2014,164,min,2.431514064
2014,167,min,2.036377567
2014,168,min,1.690004547
2014,169,min,4.183588766
2014,173,min,1.551453473
2014,174,min,2.616388953
2014,175,min,3.586749422
2014,179,min,3.158771592
2014,182,min,2.156625249
2014,183,min,
2014,184,min,3.444895144
2014,187,min,2.352313872
2014,190,min,3.950221844
2014,194,min,1.644698959
2014,195,min,3.120231975
2014,196,min,3.400494386
2014,199,min,2.175905471
2014,200,min,2.919741884
2014,3,Oa,2.294423324
2014,5,Oa,0
2014,6,Oa,0.903605332
2014,7,Oa,0
2014,8,Oa,0
2014,9,Oa,0
2014,10,Oa,0.241263958
2014,11,Oa,1.952215074
2014,12,Oa,0.75108308
2014,14,Oa,1.39408575
2014,16,Oa,1.240766781
2014,18,Oa,0.350847487
2014,31,Oa,1.564326739
2014,32,Oa,0.874182258
2014,33,Oa,0.498470957
2014,35,Oa,0.746328799
2014,37,Oa,1.422276884
2014,38,Oa,4.112506886
2014,43,Oa,0.43569032
2014,44,Oa,1.559092571
2014,46.1,Oa,1.449609664
2014,46.2,Oa,0
2014,48,Oa,1.306819281
2014,54,Oa,0.377239746
2014,56,Oa,1.194418629
2014,58,Oa,1.03591951
2014,61,Oa,0.603774697
2014,62,Oa,0
2014,63,Oa,3.549622464
2014,64,Oa,0.253229443
2014,65,Oa,1.056315839
2014,66,Oa,4.02317136
2014,67,Oa,0.597488015
2014,69,Oa,1.262059115
2014,71,Oa,0.394555552
2014,73,Oa,1.268716564
2014,76,Oa,0.263501653
2014,77,Oa,1.348596293
2014,78,Oa,0.695511005
2014,79,Oa,0.260440827
2014,80,Oa,1.264268975
2014,82,Oa,0.60875686
2014,84,Oa,1.864596937
2014,86,Oa,1.883843597
2014,91,Oa,1.315561041
2014,92,Oa,7.763897688
2014,93,Oa,0.849181268
2014,95,Oa,0.834015495
2014,96,Oa,0.615925374
2014,103,Oa,2.678479194
2014,104,Oa,1.387889476
2014,105,Oa,0.560394386
2014,106,Oa,0
2014,110,Oa,2.108239864
2014,111,Oa,4.900516533
2014,112,Oa,0
2014,118,Oa,3.425873334
2014,119,Oa,1.306632418
2014,121,Oa,2.413745733
2014,124,Oa,2.94092582
2014,126,Oa,1.006992185
2014,129,Oa,1.53823797
2014,130,Oa,2.674798735
2014,132,Oa,1.802879716
2014,133,Oa,0.943639524
2014,137,Oa,0.690400488
2014,138,Oa,0.522179559
2014,139,Oa,0.505980391
2014,140,Oa,0.239001187
2014,141,Oa,0.371916081
2014,142,Oa,3.067677078
2014,145,Oa,0.850772952
2014,146,Oa,1.976846632
2014,148,Oa,1.013209055
2014,149,Oa,0.33815349
2014,153,Oa,0.420496628
2014,155,Oa,2.032794933
2014,158,Oa,0.375807045
2014,159,Oa,2.640013495
2014,160,Oa,0.971344373
2014,162,Oa,0.3221073
2014,163,Oa,0
2014,164,Oa,0.652783835
2014,167,Oa,0
2014,168,Oa,0.476529178
2014,169,Oa,0
2014,173,Oa,5.877344995
2014,174,Oa,0.700728492
2014,175,Oa,1.346583843
2014,179,Oa,0.392132387
2014,182,Oa,0
2014,183,Oa,0.718093058
2014,184,Oa,1.066867145
2014,187,Oa,0.242593152
2014,190,Oa,0.251572379
2014,194,Oa,0.989719892
2014,195,Oa,0.754419924
2014,196,Oa,0.858961596
2014,199,Oa,0.614679801
2014,200,Oa,0
2014,3,Oie,2.079122037
2014,5,Oie,2.31026294
2014,6,Oie,1.247493259
2014,7,Oie,2.157952689
2014,8,Oie,0.371858801
2014,9,Oie,0.745278394
2014,10,Oie,0.822975493
2014,11,Oie,1.416840444
2014,12,Oie,1.470203269
2014,14,Oie,0.865170679
2014,16,Oie,1.394658785
2014,18,Oie,0.76677419
2014,31,Oie,1.637780589
2014,32,Oie,2.381408522
2014,33,Oie,0.782509311
2014,35,Oie,0.976766864
2014,37,Oie,1.041726226
2014,38,Oie,1.365299536
2014,43,Oie,1.534901307
2014,44,Oie,1.59198777
2014,46.1,Oie,1.074451107
2014,46.2,Oie,2.342674284
2014,48,Oie,0.729922113
2014,54,Oie,1.856590779
2014,56,Oie,0.521326439
2014,58,Oie,0.802584527
2014,61,Oie,1.90698152
2014,62,Oie,1.401483743
2014,63,Oie,1.637336458
2014,64,Oie,1.268661392
2014,65,Oie,1.320988268
2014,66,Oie,1.193225602
2014,67,Oie,0.923390004
2014,69,Oie,1.400937273
2014,71,Oie,1.175176208
2014,73,Oie,1.559517598
2014,76,Oie,0.497512521
2014,77,Oie,0.774286344
2014,78,Oie,0.837201361
2014,79,Oie,0.828277051
2014,80,Oie,1.611357806
2014,82,Oie,0.784867242
2014,84,Oie,1.350404139
2014,86,Oie,0.630169681
2014,91,Oie,0.831895028
2014,92,Oie,4.08038312
2014,93,Oie,0.54198398
2014,95,Oie,1.574097845
2014,96,Oie,0.833658977
2014,103,Oie,1.587256422
2014,104,Oie,1.874820687
2014,105,Oie,0.821479888
2014,106,Oie,0.988085359
2014,110,Oie,2.134398492
2014,111,Oie,1.431776928
2014,112,Oie,1.073057993
2014,118,Oie,1.903262364
2014,119,Oie,2.056697538
2014,121,Oie,1.390279332
2014,124,Oie,1.370900038
2014,126,Oie,1.25119148
2014,129,Oie,1.097941263
2014,130,Oie,1.198092938
2014,132,Oie,1.449075752
2014,133,Oie,0.748052141
2014,137,Oie,1.246247493
2014,138,Oie,0.639322454
2014,139,Oie,1.373002594
2014,140,Oie,0.826126431
2014,141,Oie,2.037025026
2014,142,Oie,4.620355613
2014,145,Oie,1.145404403
2014,146,Oie,2.013736434
2014,148,Oie,0.952788955
2014,149,Oie,0.870975977
2014,153,Oie,0.953631225
2014,155,Oie,1.493000263
2014,158,Oie,0.613622094
2014,159,Oie,1.301928236
2014,160,Oie,1.044558152
2014,162,Oie,0.934892868
2014,163,Oie,0.505007994
2014,164,Oie,0.590975062
2014,167,Oie,0.241473557
2014,168,Oie,0.736540947
2014,169,Oie,0.335410995
2014,173,Oie,1.093571789
2014,174,Oie,0.794036408
2014,175,Oie,2.204796699
2014,179,Oie,1.175374299
2014,182,Oie,0.502632888
2014,183,Oie,1.55605115
2014,184,Oie,0.948863314
2014,187,Oie,0.840415719
2014,190,Oie,0.854284457
2014,194,Oie,1.292930683
2014,195,Oie,0.917195872
2014,196,Oie,0.864073279
2014,199,Oie,1.295181625
2014,200,Oie,0.606562169
2018,1,min,2.285343917
2018,2,min,1.354699627
2018,5,min,0
2018,6,min,1.14958929
2018,8,min,2.022858387
2018,12,min,0
2018,19,min,4.632864958
2018,21,min,2.041683155
2018,22,min,2.609467395
2018,23,min,0
2018,24,min,2.086840685
2018,29,min,4.717109144
2018,30,min,3.782380433
2018,31,min,3.90523734
2018,32,min,1.987529279
2018,33,min,4.607194363
2018,35,min,3.797369332
2018,36,min,1.489657232
2018,38,min,1.938753306
2018,40,min,0
2018,42,min,1.73797002
2018,43,min,2.441979993
2018,47,min,3.418607804
2018,49,min,3.615432471
2018,52,min,0
2018,54,min,2.817537557
2018,55,min,0
2018,57,min,4.967249437
2018,59,min,0
2018,60,min,2.480749764
2018,63,min,2.689192353
2018,64,min,4.674797103
2018,65,min,2.517342206
2018,66,min,2.638123751
2018,70,min,4.303482487
2018,72,min,0
2018,74,min,2.98291986
2018,76,min,5.518311338
2018,77,min,3.012930294
2018,78,min,2.537665526
2018,80,min,3.045418785
2018,84,min,4.743733673
2018,85,min,2.254321216
2018,90,min,0
2018,91,min,3.546336546
2018,93,min,1.05422415
2018,97,min,7.202754816
2018,99,min,4.564370134
2018,100,min,3.077541519
2018,101,min,1.569245862
2018,104,min,2.395983833
2018,109,min,3.456682759
2018,110,min,5.137580926
2018,111,min,2.997122088
2018,112,min,3.104272735
2018,114,min,3.387880863
2018,115,min,2.871694392
2018,119,min,1.194627806
2018,120,min,4.493360164
2018,123,min,1.100337744
2018,124,min,5.230458945
2018,125,min,2.30457752
2018,127,min,4.162904669
2018,129,min,3.221178662
2018,130,min,5.358610246
2018,132,min,1.66948207
2018,133,min,3.360866403
2018,135,min,1.874938991
2018,137,min,3.022739321
2018,140,min,2.496961475
2018,143,min,3.978506027
2018,145,min,1.71019825
2018,146,min,3.104929508
2018,148,min,4.380543519
2018,150,min,0.254992019
2018,151,min,2.408834954
2018,152,min,5.346021548
2018,153,min,2.733272373
2018,154,min,3.212237683
2018,155,min,0.718987065
2018,158,min,4.077269364
2018,159,min,2.453723101
2018,162,min,4.742190968
2018,163,min,2.883193941
2018,165,min,5.936923771
2018,169,min,4.970837058
2018,171,min,0.873798101
2018,172,min,1.846301426
2018,174,min,2.749868569
2018,176,min,3.162729383
2018,178,min,3.669443443
2018,179,min,2.900924703
2018,180,min,2.820787733
2018,181,min,2.920289814
2018,182,min,2.555891344
2018,184,min,2.599004989
2018,187,min,4.58091751
2018,191,min,3.604068492
2018,195,min,3.74305889
2018,197,min,3.297407611
2018,1,Oa,1.045592863
2018,2,Oa,1.382012115
2018,5,Oa,1.97105198
2018,6,Oa,1.412275308
2018,8,Oa,0.444128364
2018,12,Oa,0.849889875
2018,19,Oa,0
2018,21,Oa,1.190789562
2018,22,Oa,0.390949458
2018,23,Oa,2.094979544
2018,24,Oa,0.973339607
2018,29,Oa,0.271315752
2018,30,Oa,2.357569386
2018,31,Oa,2.304361752
2018,32,Oa,1.155243626
2018,33,Oa,0.301435503
2018,35,Oa,0.679758021
2018,36,Oa,0.575382347
2018,38,Oa,1.419153817
2018,40,Oa,1.261663946
2018,42,Oa,0
2018,43,Oa,0.667220151
2018,47,Oa,0
2018,49,Oa,1.673535702
2018,52,Oa,0.921821078
2018,54,Oa,0
2018,55,Oa,0
2018,57,Oa,7.062303254
2018,59,Oa,3.632714314
2018,60,Oa,0
2018,63,Oa,1.912080395
2018,64,Oa,1.427576197
2018,65,Oa,1.964221218
2018,66,Oa,2.506323354
2018,70,Oa,1.205832196
2018,72,Oa,2.058751484
2018,74,Oa,1.719803753
2018,76,Oa,3.325421463
2018,77,Oa,1.669938805
2018,78,Oa,1.141285184
2018,80,Oa,0.271261916
2018,84,Oa,1.186631579
2018,85,Oa,2.087929112
2018,90,Oa,0.494321304
2018,91,Oa,1.46797126
2018,93,Oa,2.342096232
2018,97,Oa,1.258037946
2018,99,Oa,4.140195386
2018,100,Oa,1.097857566
2018,101,Oa,0.609368941
2018,104,Oa,2.989096276
2018,109,Oa,2.504080042
2018,110,Oa,1.540467788
2018,111,Oa,1.218688849
2018,112,Oa,0.765309492
2018,114,Oa,0.358992397
2018,115,Oa,3.244576209
2018,119,Oa,3.553756537
2018,120,Oa,0.472306925
2018,123,Oa,1.32371153
2018,124,Oa,5.512796306
2018,125,Oa,2.166762217
2018,127,Oa,2.311894733
2018,129,Oa,0.850160113
2018,130,Oa,4.624840058
2018,132,Oa,1.350645383
2018,133,Oa,1.611443156
2018,135,Oa,0.705704283
2018,137,Oa,0.745276751
2018,140,Oa,0.948705907
2018,143,Oa,0.737391284
2018,145,Oa,0.566327457
2018,146,Oa,0.270473342
2018,148,Oa,0
2018,150,Oa,0.41671165
2018,151,Oa,1.86561357
2018,152,Oa,1.651906399
2018,153,Oa,0.467223549
2018,154,Oa,1.4829769
2018,155,Oa,0.534478391
2018,158,Oa,0.646421517
2018,159,Oa,0.417803796
2018,162,Oa,1.22455723
2018,163,Oa,0.406919499
2018,165,Oa,1.21418802
2018,169,Oa,0.600461905
2018,171,Oa,1.429239871
2018,172,Oa,3.220603517
2018,174,Oa,0.955164008
2018,176,Oa,0.603641164
2018,178,Oa,0.410313185
2018,179,Oa,0.573237917
2018,180,Oa,0.94079415
2018,181,Oa,3.316436213
2018,182,Oa,0
2018,184,Oa,5.208307181
2018,187,Oa,0.433390816
2018,191,Oa,1.632976124
2018,195,Oa,0
2018,197,Oa,2.040504872
2018,1,Oie,1.498722924
2018,2,Oie,1.243020613
2018,5,Oie,1.700800654
2018,6,Oie,1.283401202
2018,8,Oie,1.488416904
2018,12,Oie,0.988516656
2018,19,Oie,0.88838064
2018,21,Oie,0.872773146
2018,22,Oie,0.739248781
2018,23,Oie,0.475841885
2018,24,Oie,1.621320333
2018,29,Oie,0.945683996
2018,30,Oie,1.167003814
2018,31,Oie,4.751837018
2018,32,Oie,1.084575737
2018,33,Oie,0.973328633
2018,35,Oie,0.858679281
2018,36,Oie,1.323783785
2018,38,Oie,0.965992064
2018,40,Oie,0.570145501
2018,42,Oie,1.984531494
2018,43,Oie,2.263170662
2018,47,Oie,1.286589285
2018,49,Oie,0.743552897
2018,52,Oie,0.630796078
2018,54,Oie,2.252073678
2018,55,Oie,1.87971836
2018,57,Oie,1.655040984
2018,59,Oie,1.477209124
2018,60,Oie,1.258972215
2018,63,Oie,2.121316947
2018,64,Oie,1.103267833
2018,65,Oie,1.149337362
2018,66,Oie,3.053828267
2018,70,Oie,1.45890079
2018,72,Oie,3.212408717
2018,74,Oie,1.879721851
2018,76,Oie,2.785036795
2018,77,Oie,3.84299326
2018,78,Oie,2.683394863
2018,80,Oie,1.165278808
2018,84,Oie,1.925892946
2018,85,Oie,1.447842005
2018,90,Oie,0.63807996
2018,91,Oie,1.9843339
2018,93,Oie,0.664446549
2018,97,Oie,1.745471631
2018,99,Oie,0.252111771
2018,100,Oie,1.332322689
2018,101,Oie,1.56966677
2018,104,Oie,1.582707317
2018,109,Oie,1.404839053
2018,110,Oie,1.025861663
2018,111,Oie,0.990824184
2018,112,Oie,1.407674261
2018,114,Oie,0.378346131
2018,115,Oie,1.809102635
2018,119,Oie,0.937546405
2018,120,Oie,0.52304975
2018,123,Oie,2.02749715
2018,124,Oie,2.450334325
2018,125,Oie,1.493194383
2018,127,Oie,1.328820069
2018,129,Oie,0.223392813
2018,130,Oie,1.681066317
2018,132,Oie,1.772305347
2018,133,Oie,3.329178771
2018,135,Oie,1.588757302
2018,137,Oie,2.23505596
2018,140,Oie,1.549791176
2018,143,Oie,0.72540011
2018,145,Oie,1.25288441
2018,146,Oie,0.569447505
2018,148,Oie,0.765236151
2018,150,Oie,0.730168175
2018,151,Oie,1.471363827
2018,152,Oie,1.149269886
2018,153,Oie,1.655744641
2018,154,Oie,1.268751329
2018,155,Oie,0.304135103
2018,158,Oie,1.392247848
2018,159,Oie,1.162535692
2018,162,Oie,1.428650072
2018,163,Oie,0.673531056
2018,165,Oie,1.846361893
2018,169,Oie,1.208612702
2018,171,Oie,1.425392597
2018,172,Oie,1.038454333
2018,174,Oie,1.025613563
2018,176,Oie,1.266774093
2018,178,Oie,0
2018,179,Oie,0.648490459
2018,180,Oie,0.469236948
2018,181,Oie,1.020583243
2018,182,Oie,0.879314534
2018,184,Oie,1.410159069
2018,187,Oie,0.769837076
2018,191,Oie,1.957158443
2018,195,Oie,0.23718818
2018,197,Oie,1.048767626
2023,6,Min,0
2023,8,Min,1.850807495
2023,9,Min,1.691607176
2023,11,Min,0.135012626
2023,12,Min,2.683659243
2023,14,Min,0
2023,15,Min,0
2023,17,Min,4.878512924
2023,18,Min,3.001503409
2023,19,Min,1.052335144
2023,21,Min,2.870491944
2023,22,Min,4.841170292
2023,24,Min,3.580129497
2023,28,Min,3.746223048
2023,29,Min,1.234827761
2023,30,Min,2.029810313
2023,32,Min,0
2023,34,Min,0.913982161
2023,37,Min,2.351157697
2023,39,Min,4.092758504
2023,40,Min,3.35239669
2023,41,Min,3.315413131
2023,43,Min,
2023,44,Min,0.278297891
2023,47,Min,4.215955627
2023,49,Min,4.293629191
2023,50,Min,2.260014988
2023,53,Min,2.343812086
2023,57,Min,4.14624225
2023,61,Min,3.239275711
2023,62,Min,0.225467414
2023,63,Min,5.045273205
2023,67,Min,2.2830637
2023,69,Min,0.626262571
2023,70,Min,4.291588119
2023,75,Min,4.148975651
2023,78,Min,2.017407571
2023,79,Min,1.50854849
2023,83,Min,4.162902254
2023,85,Min,3.67833504
2023,86,Min,2.816333864
2023,89,Min,3.588699145
2023,90,Min,0
2023,91,Min,3.120236602
2023,92,Min,2.02395357
2023,94,Min,0.751338372
2023,95,Min,2.978148194
2023,96,Min,0
2023,99,Min,2.115229743
2023,100,Min,2.588808418
2023,101,Min,3.155014541
2023,102,Min,2.850582194
2023,103,Min,4.564061718
2023,105,Min,2.79863811
2023,107,Min,3.691459152
2023,108,Min,0.840704771
2023,109,Min,2.957195866
2023,112,Min,1.762068601
2023,113,Min,3.390493806
2023,115,Min,3.839635783
2023,122,Min,2.478729061
2023,124,Min,2.933618709
2023,125,Min,3.327823699
2023,128,Min,3.450353661
2023,129,Min,4.763065004
2023,130,Min,2.70389379
2023,131,Min,4.456078347
2023,132,Min,4.110848709
2023,135,Min,2.584917797
2023,136,Min,6.193014016
2023,138,Min,2.104798545
2023,139,Min,4.049524448
2023,140,Min,2.415088893
2023,141,Min,4.38322767
2023,143,Min,5.912894237
2023,145,Min,1.310185889
2023,146,Min,3.803381166
2023,154,Min,3.438174392
2023,155,Min,3.99876135
2023,156,Min,3.684636206
2023,159,Min,2.571451054
2023,161,Min,3.79422513
2023,162,Min,2.722605408
2023,164,Min,3.164222236
2023,165,Min,3.030610964
2023,166,Min,1.839728192
2023,167,Min,2.577705065
2023,175,Min,5.953431527
2023,178,Min,2.798657826
2023,180,Min,2.782655811
2023,184,Min,2.360264614
2023,187,Min,
2023,189,Min,4.393453662
2023,190,Min,3.432638465
2023,191,Min,1.938347094
2023,193,Min,3.072475661
2023,194,Min,2.308425032
2023,195,Min,2.692543021
2023,197,Min,1.843909828
2023,200,Min,1.998837368
2023,6,Oa,0.770064538
2023,8,Oa,0.372034296
2023,9,Oa,0
2023,11,Oa,0.270348128
2023,12,Oa,1.262606821
2023,14,Oa,0.62952337
2023,15,Oa,0.757642886
2023,17,Oa,0.611386142
2023,18,Oa,0.194715762
2023,19,Oa,0
2023,21,Oa,0.968836045
2023,22,Oa,2.146492457
2023,24,Oa,0
2023,28,Oa,0.981051967
2023,29,Oa,
2023,30,Oa,1.165627221
2023,32,Oa,5.7466026
2023,34,Oa,
2023,37,Oa,1.950639575
2023,39,Oa,5.609481718
2023,40,Oa,0.928844987
2023,41,Oa,0.928225543
2023,43,Oa,0
2023,44,Oa,0
2023,47,Oa,0.972027762
2023,49,Oa,0.492239716
2023,50,Oa,0.491725557
2023,53,Oa,1.458636565
2023,57,Oa,0
2023,61,Oa,1.005486715
2023,62,Oa,0.728552912
2023,63,Oa,0.197643308
2023,67,Oa,0.496633856
2023,69,Oa,0.713929385
2023,70,Oa,0.462242155
2023,75,Oa,1.042745377
2023,78,Oa,3.74142161
2023,79,Oa,0
2023,83,Oa,1.096240667
2023,85,Oa,3.064756563
2023,86,Oa,0
2023,89,Oa,2.946529582
2023,90,Oa,3.153777171
2023,91,Oa,1.122799946
2023,92,Oa,0
2023,94,Oa,3.259139406
2023,95,Oa,0.208718066
2023,96,Oa,1.164798166
2023,99,Oa,0.284581903
2023,100,Oa,5.206491966
2023,101,Oa,1.479412282
2023,102,Oa,1.305615543
2023,103,Oa,0.480112673
2023,105,Oa,0.43641217
2023,107,Oa,0
2023,108,Oa,1.846007135
2023,109,Oa,1.771210982
2023,112,Oa,0.142422556
2023,113,Oa,0.377958015
2023,115,Oa,0.665595378
2023,122,Oa,5.19956777
2023,124,Oa,2.268661847
2023,125,Oa,1.660537643
2023,128,Oa,0.430131444
2023,129,Oa,1.557042397
2023,130,Oa,2.283671546
2023,131,Oa,1.691631096
2023,132,Oa,0.589731174
2023,135,Oa,0.347283955
2023,136,Oa,6.013994696
2023,138,Oa,0.71009099
2023,139,Oa,0.776352817
2023,140,Oa,0.543534815
2023,141,Oa,0.453642808
2023,143,Oa,0.778027635
2023,145,Oa,0.583703171
2023,146,Oa,0.80562959
2023,154,Oa,0.090295688
2023,155,Oa,0.372070389
2023,156,Oa,0.752264939
2023,159,Oa,1.705700235
2023,161,Oa,0.328037328
2023,162,Oa,0.307221514
2023,164,Oa,0.180471972
2023,165,Oa,0.614041314
2023,166,Oa,0
2023,167,Oa,1.769009752
2023,175,Oa,1.775517113
2023,178,Oa,0
2023,180,Oa,0.621702907
2023,184,Oa,0
2023,187,Oa,0.377580818
2023,189,Oa,0.81313987
2023,190,Oa,0
2023,191,Oa,0
2023,193,Oa,0.3610239
2023,194,Oa,1.240677072
2023,195,Oa,0
2023,197,Oa,2.753462549
2023,200,Oa,0.441586001
2023,6,Oie,0.801780932
2023,8,Oie,0.750828275
2023,9,Oie,1.37711328
2023,11,Oie,1.328677447
2023,12,Oie,1.638875169
2023,14,Oie,1.575312436
2023,15,Oie,0.897398357
2023,17,Oie,0.364863397
2023,18,Oie,0.819087403
2023,19,Oie,1.026290811
2023,21,Oie,0.794400561
2023,22,Oie,1.058101222
2023,24,Oie,1.386769892
2023,28,Oie,0.865449687
2023,29,Oie,1.071143349
2023,30,Oie,1.03593523
2023,32,Oie,1.592464991
2023,34,Oie,1.610074122
2023,37,Oie,1.816487446
2023,39,Oie,2.518845017
2023,40,Oie,0.860221661
2023,41,Oie,1.075804466
2023,43,Oie,0.644216666
2023,44,Oie,1.144103158
2023,47,Oie,1.02525236
2023,49,Oie,0.940882702
2023,50,Oie,2.464940723
2023,53,Oie,2.051275219
2023,57,Oie,1.32760268
2023,61,Oie,1.365479674
2023,62,Oie,1.342746661
2023,63,Oie,1.031982404
2023,67,Oie,0.711306132
2023,69,Oie,0.661465275
2023,70,Oie,2.362717349
2023,75,Oie,1.131038906
2023,78,Oie,3.074691136
2023,79,Oie,0.378486418
2023,83,Oie,0.900575998
2023,85,Oie,0.469978152
2023,86,Oie,3.361595572
2023,89,Oie,1.581910359
2023,90,Oie,2.073129646
2023,91,Oie,1.991149535
2023,92,Oie,1.09474849
2023,94,Oie,1.400811967
2023,95,Oie,0.756703431
2023,96,Oie,1.808873594
2023,99,Oie,0.648573554
2023,100,Oie,0.981707185
2023,101,Oie,0.893357172
2023,102,Oie,0.628679092
2023,103,Oie,1.385627099
2023,105,Oie,0.535798728
2023,107,Oie,0.298693999
2023,108,Oie,1.005031122
2023,109,Oie,1.390509943
2023,112,Oie,0.676275017
2023,113,Oie,0.604746242
2023,115,Oie,1.147112243
2023,122,Oie,
2023,124,Oie,1.849557998
2023,125,Oie,1.886086418
2023,128,Oie,0.794406111
2023,129,Oie,1.470601686
2023,130,Oie,1.622733369
2023,131,Oie,1.884657684
2023,132,Oie,2.043333913
2023,135,Oie,0.764180603
2023,136,Oie,4.650555693
2023,138,Oie,0.622681758
2023,139,Oie,1.373109482
2023,140,Oie,1.400040065
2023,141,Oie,1.075620744
2023,143,Oie,2.208563264
2023,145,Oie,1.274716852
2023,146,Oie,0.988610068
2023,154,Oie,1.417686171
2023,155,Oie,1.743161354
2023,156,Oie,1.162337542
2023,159,Oie,2.032289298
2023,161,Oie,1.617869006
2023,162,Oie,0.860983969
2023,164,Oie,0.685525496
2023,165,Oie,1.585921503
2023,166,Oie,0.670566376
2023,167,Oie,1.317199
2023,175,Oie,0.68147727
2023,178,Oie,0.096417783
2023,180,Oie,1.285016067
2023,184,Oie,0.480244485
2023,187,Oie,0.818725654
2023,189,Oie,1.157911261
2023,190,Oie,1.815836239
2023,191,Oie,2.192588771
2023,193,Oie,1.506546792
2023,194,Oie,2.061589069
2023,195,Oie,0.343774696
2023,197,Oie,0.780527749
2023,200,Oie,1.515852436